"","Low","Median","High"
"Low",0.4,0.224489795918367,0.0476190476190476
"Median",0.55,0.530612244897959,0.523809523809524
"High",0.05,0.244897959183673,0.428571428571429
